{
  "loss": [
    5.947760581970215,
    5.634209632873535,
    5.688259601593018,
    5.640807628631592,
    5.521828651428223,
    5.619785785675049,
    5.576508045196533,
    5.358790397644043,
    5.349350929260254,
    5.096133232116699,
    5.263106822967529,
    5.340017318725586,
    5.298995018005371,
    5.135343074798584,
    5.096642017364502
  ],
  "mae": [
    1.7610490322113037,
    1.4776602983474731,
    1.5298055410385132,
    1.5414557456970215,
    1.4376795291900635,
    1.5922194719314575,
    1.609782338142395,
    1.4512490034103394,
    1.4941846132278442,
    1.2513364553451538,
    1.508868932723999,
    1.6259734630584717,
    1.6513787508010864,
    1.5014182329177856,
    1.5060162544250488
  ],
  "mse": [
    5.1921186447143555,
    3.0384347438812256,
    4.011608600616455,
    3.920332431793213,
    3.3964579105377197,
    3.842939615249634,
    3.8420896530151367,
    3.1382946968078613,
    3.228965997695923,
    2.331240653991699,
    3.213494300842285,
    3.9736857414245605,
    3.7850685119628906,
    3.1896963119506836,
    3.4202382564544678
  ],
  "val_loss": [
    5.954128265380859,
    5.8969926834106445,
    5.852818489074707,
    5.793850898742676,
    5.7371745109558105,
    5.6861138343811035,
    5.626557350158691,
    5.5934858322143555,
    5.528664588928223,
    5.477952480316162,
    5.432292461395264,
    5.465620994567871,
    5.3806867599487305,
    5.333794593811035,
    5.252955436706543
  ],
  "val_mae": [
    1.8307445049285889,
    1.7938235998153687,
    1.772874116897583,
    1.748631238937378,
    1.7344938516616821,
    1.7318904399871826,
    1.7251501083374023,
    1.7489898204803467,
    1.7342510223388672,
    1.7285959720611572,
    1.7349201440811157,
    1.7990591526031494,
    1.7636845111846924,
    1.7694858312606812,
    1.735317587852478
  ],
  "val_mse": [
    4.0825042724609375,
    3.9479727745056152,
    3.872856616973877,
    3.748298168182373,
    3.708545684814453,
    3.7172439098358154,
    3.716465473175049,
    3.802597761154175,
    3.775744915008545,
    3.8008861541748047,
    3.808260440826416,
    4.258496284484863,
    4.044720649719238,
    3.9733169078826904,
    3.772853136062622
  ],
  "learning_rate": [
    9.999999747378752e-05,
    0.00018000000272877514,
    0.00026000000070780516,
    0.00033999999868683517,
    0.0004199999966658652,
    0.0005000000237487257,
    0.000499390996992588,
    0.0004975670017302036,
    0.0004945368855260313,
    0.0004903154331259429,
    0.0004849231627304107,
    0.00047838635509833694,
    0.00047073690802790225,
    0.00046201201621443033,
    0.0004522542585618794
  ]
}