{
  "loss": [
    1.7764480113983154,
    1.352262258529663,
    1.4368027448654175,
    1.302939772605896,
    1.6298010349273682,
    1.420786738395691,
    1.2550822496414185,
    1.2653154134750366,
    1.3060702085494995,
    1.1245707273483276,
    0.8939198851585388,
    0.7721689939498901,
    0.7660080790519714,
    0.6619361639022827,
    0.6430937647819519,
    0.6990644931793213,
    0.6220588684082031,
    0.6160797476768494,
    0.6941075921058655
  ],
  "mae": [
    1.7764480113983154,
    1.352262258529663,
    1.4368027448654175,
    1.302939772605896,
    1.6298010349273682,
    1.420786738395691,
    1.2550822496414185,
    1.2653154134750366,
    1.3060702085494995,
    1.1245707273483276,
    0.8939198851585388,
    0.7721689939498901,
    0.7660080790519714,
    0.6619361639022827,
    0.6430937647819519,
    0.6990644931793213,
    0.6220588684082031,
    0.6160797476768494,
    0.6941075921058655
  ],
  "mse": [
    4.631497383117676,
    2.4569802284240723,
    2.837932586669922,
    2.458636999130249,
    3.972168207168579,
    2.989175319671631,
    2.069685220718384,
    2.5512635707855225,
    2.50174617767334,
    1.8461277484893799,
    1.493298888206482,
    0.9867785573005676,
    0.9618529677391052,
    0.7474603652954102,
    0.7146216034889221,
    0.7519053220748901,
    0.5959603786468506,
    0.6133729815483093,
    0.8807968497276306
  ],
  "val_loss": [
    1.7881624698638916,
    1.8553543090820312,
    1.7559210062026978,
    1.6301567554473877,
    1.980078101158142,
    1.809030532836914,
    1.7736152410507202,
    1.9042541980743408,
    1.767236351966858,
    1.875056266784668,
    1.7785816192626953,
    1.7372887134552002,
    1.8740568161010742,
    1.9136698246002197,
    1.708431601524353,
    1.9305782318115234,
    1.8858296871185303,
    2.153451681137085,
    1.9058341979980469
  ],
  "val_mae": [
    1.7881624698638916,
    1.8553543090820312,
    1.7559210062026978,
    1.6301567554473877,
    1.980078101158142,
    1.809030532836914,
    1.7736152410507202,
    1.9042541980743408,
    1.767236351966858,
    1.875056266784668,
    1.7785816192626953,
    1.7372887134552002,
    1.8740568161010742,
    1.9136698246002197,
    1.708431601524353,
    1.9305782318115234,
    1.8858296871185303,
    2.153451681137085,
    1.9058341979980469
  ],
  "val_mse": [
    3.8923287391662598,
    5.142099857330322,
    3.9649863243103027,
    3.6540844440460205,
    6.121277809143066,
    4.634962558746338,
    3.9681174755096436,
    4.79239559173584,
    4.050895690917969,
    4.500797271728516,
    4.065594673156738,
    4.1353840827941895,
    4.62935733795166,
    4.665950775146484,
    3.675400495529175,
    4.59780740737915,
    4.397332668304443,
    6.044741153717041,
    4.587965488433838
  ],
  "learning_rate": [
    0.0010000000474974513,
    0.0010000000474974513,
    0.0010000000474974513,
    0.0010000000474974513,
    0.0010000000474974513,
    0.0010000000474974513,
    0.0010000000474974513,
    0.0010000000474974513,
    0.0010000000474974513,
    0.0010000000474974513,
    0.0010000000474974513,
    0.0010000000474974513,
    0.0005000000237487257,
    0.0005000000237487257,
    0.0005000000237487257,
    0.0005000000237487257,
    0.0005000000237487257,
    0.0005000000237487257,
    0.0005000000237487257
  ]
}