{
  "loss": [
    1.3482649326324463,
    1.191341519355774,
    1.1178158521652222,
    1.1118996143341064,
    1.1129839420318604,
    1.0536248683929443,
    1.1311156749725342,
    1.2080881595611572,
    1.1958637237548828,
    1.1805845499038696,
    1.2707209587097168,
    1.2900409698486328,
    1.2766786813735962,
    1.2885645627975464,
    1.2386473417282104,
    1.2153609991073608,
    1.2074086666107178,
    1.1990165710449219,
    1.1942662000656128,
    1.1999574899673462
  ],
  "mae": [
    1.3482649326324463,
    1.191341519355774,
    1.1178158521652222,
    1.1118996143341064,
    1.1129839420318604,
    1.0536248683929443,
    1.1311156749725342,
    1.2080881595611572,
    1.1958637237548828,
    1.1805845499038696,
    1.2707209587097168,
    1.2900409698486328,
    1.2766786813735962,
    1.2885645627975464,
    1.2386473417282104,
    1.2153609991073608,
    1.2074086666107178,
    1.1990165710449219,
    1.1942662000656128,
    1.1999574899673462
  ],
  "mse": [
    2.6550581455230713,
    2.1532557010650635,
    1.9522104263305664,
    1.8948376178741455,
    1.9510645866394043,
    1.803584098815918,
    1.975781798362732,
    2.1442747116088867,
    2.117449998855591,
    2.113314390182495,
    2.239981174468994,
    2.262237310409546,
    2.2412984371185303,
    2.2195448875427246,
    2.14086651802063,
    2.129481315612793,
    2.1384410858154297,
    2.0979228019714355,
    2.087106227874756,
    2.1140666007995605
  ],
  "val_loss": [
    1.6843756437301636,
    1.2159141302108765,
    1.2116435766220093,
    1.336327075958252,
    1.1871669292449951,
    1.3477727174758911,
    1.3694943189620972,
    1.2430766820907593,
    1.2625244855880737,
    1.3103152513504028,
    1.433902621269226,
    1.4434019327163696,
    1.4178577661514282,
    1.3510104417800903,
    1.2914199829101562,
    1.3041292428970337,
    1.33479905128479,
    1.282114863395691,
    1.2924017906188965,
    1.3259210586547852
  ],
  "val_mae": [
    1.6843756437301636,
    1.2159141302108765,
    1.2116435766220093,
    1.336327075958252,
    1.1871669292449951,
    1.3477727174758911,
    1.3694943189620972,
    1.2430766820907593,
    1.2625244855880737,
    1.3103152513504028,
    1.433902621269226,
    1.4434019327163696,
    1.4178577661514282,
    1.3510104417800903,
    1.2914199829101562,
    1.3041292428970337,
    1.33479905128479,
    1.282114863395691,
    1.2924017906188965,
    1.3259210586547852
  ],
  "val_mse": [
    4.768298625946045,
    2.2812349796295166,
    2.2710061073303223,
    2.580517053604126,
    2.1270904541015625,
    2.7336266040802,
    2.6753225326538086,
    2.3025875091552734,
    2.6233901977539062,
    2.52593994140625,
    2.7630677223205566,
    2.9420933723449707,
    2.778229236602783,
    2.525639772415161,
    2.5784337520599365,
    2.6598081588745117,
    2.6564667224884033,
    2.44598388671875,
    2.4663584232330322,
    2.5144639015197754
  ],
  "learning_rate": [
    0.0010000000474974513,
    0.0010000000474974513,
    0.0010000000474974513,
    0.0010000000474974513,
    0.0010000000474974513,
    0.0010000000474974513,
    0.0010000000474974513,
    0.0010000000474974513,
    0.0010000000474974513,
    0.0010000000474974513,
    0.0010000000474974513,
    0.0010000000474974513,
    0.0010000000474974513,
    0.0005000000237487257,
    0.0005000000237487257,
    0.0005000000237487257,
    0.0005000000237487257,
    0.0005000000237487257,
    0.0005000000237487257,
    0.0005000000237487257
  ]
}